{"aggregate":{"auc_discovery":{"mean":0.7662013958125623,"median":0.7662013958125623,"std":0.023264729590384933},"first_hit_shot":{"mean":6.5,"median":6.5,"std":7.7781745930520225},"first_sunk_shot":{"mean":10.5,"median":10.5,"std":6.363961030678928},"hit_rate":{"mean":0.2635198135198135,"median":0.2635198135198135,"std":0.06444726140884384},"invalid_attempts":{"mean":0.0,"median":0.0,"std":0.0},"shots_excess":{"mean":49.5,"median":49.5,"std":16.263455967290593},"truncation_rate":{"mean":0.0,"median":0.0,"std":0.0},"valid_shots":{"mean":66.5,"median":66.5,"std":16.263455967290593},"valid_shots_normalized":{"mean":0.5635593220338984,"median":0.5635593220338984,"std":0.13782589802788642},"win_rate":{"mean":1.0,"median":1.0,"std":0.0}},"belief_sampler":{"decision_count":133,"max_nodes_per_sample":8192,"max_restarts_per_sample":128,"mean_backtracks_per_decision":25.616541353383457,"mean_restarts_per_decision":0.0,"posterior_exact":false,"sample_count_per_decision":16,"sampler_id":"constrained-backtracking-v1"},"episode_count":2,"per_seed":{"8801":{"auc_discovery":0.7826520438683948,"first_hit_shot":1.0,"first_sunk_shot":6.0,"hit_rate":0.3090909090909091,"invalid_attempts":0.0,"shots_excess":38.0,"truncation_rate":0.0,"valid_shots":55.0,"valid_shots_normalized":0.4661016949152542,"win_rate":1.0},"8802":{"auc_discovery":0.7497507477567298,"first_hit_shot":12.0,"first_sunk_shot":15.0,"hit_rate":0.21794871794871795,"invalid_attempts":0.0,"shots_excess":61.0,"truncation_rate":0.0,"valid_shots":78.0,"valid_shots_normalized":0.6610169491525424,"win_rate":1.0}},"seed_count":2}
