{"aggregate":{"auc_discovery":{"mean":0.660518444666002,"median":0.660518444666002,"std":0.004934942640384633},"first_hit_shot":{"mean":9.0,"median":9.0,"std":1.4142135623730951},"first_sunk_shot":{"mean":17.0,"median":17.0,"std":1.4142135623730951},"hit_rate":{"mean":0.20124684785654245,"median":0.20124684785654245,"std":0.005052177898643029},"invalid_attempts":{"mean":0.0,"median":0.0,"std":0.0},"shots_excess":{"mean":67.5,"median":67.5,"std":2.1213203435596424},"truncation_rate":{"mean":0.0,"median":0.0,"std":0.0},"valid_shots":{"mean":84.5,"median":84.5,"std":2.1213203435596424},"valid_shots_normalized":{"mean":0.7161016949152542,"median":0.7161016949152542,"std":0.017977291047115568},"win_rate":{"mean":1.0,"median":1.0,"std":0.0}},"episode_count":2,"per_seed":{"8801":{"auc_discovery":0.6640079760717846,"first_hit_shot":8.0,"first_sunk_shot":18.0,"hit_rate":0.19767441860465115,"invalid_attempts":0.0,"shots_excess":69.0,"truncation_rate":0.0,"valid_shots":86.0,"valid_shots_normalized":0.7288135593220338,"win_rate":1.0},"8802":{"auc_discovery":0.6570289132602194,"first_hit_shot":10.0,"first_sunk_shot":16.0,"hit_rate":0.20481927710843373,"invalid_attempts":0.0,"shots_excess":66.0,"truncation_rate":0.0,"valid_shots":83.0,"valid_shots_normalized":0.7033898305084746,"win_rate":1.0}},"seed_count":2}
