{"aggregate":{"auc_discovery":{"mean":0.8372382851445663,"median":0.8372382851445663,"std":0.06662172564519314},"first_hit_shot":{"mean":2.0,"median":2.0,"std":1.4142135623730951},"first_sunk_shot":{"mean":9.5,"median":9.5,"std":0.7071067811865476},"hit_rate":{"mean":0.4032345013477089,"median":0.4032345013477089,"std":0.11664402967282132},"invalid_attempts":{"mean":0.0,"median":0.0,"std":0.0},"shots_excess":{"mean":27.0,"median":27.0,"std":12.727922061357855},"truncation_rate":{"mean":0.0,"median":0.0,"std":0.0},"valid_shots":{"mean":44.0,"median":44.0,"std":12.727922061357855},"valid_shots_normalized":{"mean":0.3728813559322034,"median":0.3728813559322034,"std":0.10786374628269371},"win_rate":{"mean":1.0,"median":1.0,"std":0.0}},"episode_count":2,"per_seed":{"8801":{"auc_discovery":0.7901296111665005,"first_hit_shot":3.0,"first_sunk_shot":10.0,"hit_rate":0.32075471698113206,"invalid_attempts":0.0,"shots_excess":36.0,"truncation_rate":0.0,"valid_shots":53.0,"valid_shots_normalized":0.4491525423728814,"win_rate":1.0},"8802":{"auc_discovery":0.8843469591226321,"first_hit_shot":1.0,"first_sunk_shot":9.0,"hit_rate":0.4857142857142857,"invalid_attempts":0.0,"shots_excess":18.0,"truncation_rate":0.0,"valid_shots":35.0,"valid_shots_normalized":0.2966101694915254,"win_rate":1.0}},"seed_count":2}
