{"aggregate":{"auc_discovery":{"mean":0.7931206380857427,"median":0.7931206380857427,"std":0.023969721396154168},"first_hit_shot":{"mean":4.5,"median":4.5,"std":0.7071067811865476},"first_sunk_shot":{"mean":8.0,"median":8.0,"std":1.4142135623730951},"hit_rate":{"mean":0.3711438063597532,"median":0.3711438063597532,"std":0.03423108290509152},"invalid_attempts":{"mean":0.0,"median":0.0,"std":0.0},"shots_excess":{"mean":29.0,"median":29.0,"std":4.242640687119285},"truncation_rate":{"mean":0.0,"median":0.0,"std":0.0},"valid_shots":{"mean":46.0,"median":46.0,"std":4.242640687119285},"valid_shots_normalized":{"mean":0.38983050847457623,"median":0.38983050847457623,"std":0.035954582094231254},"win_rate":{"mean":1.0,"median":1.0,"std":0.0}},"belief_sampler":{"decision_count":92,"max_nodes_per_sample":8192,"max_restarts_per_sample":128,"mean_backtracks_per_decision":13.217391304347826,"mean_restarts_per_decision":0.0,"posterior_exact":false,"sample_count_per_decision":16,"sampler_id":"constrained-backtracking-v1"},"episode_count":2,"per_seed":{"8801":{"auc_discovery":0.7761714855433699,"first_hit_shot":4.0,"first_sunk_shot":7.0,"hit_rate":0.3469387755102041,"invalid_attempts":0.0,"shots_excess":32.0,"truncation_rate":0.0,"valid_shots":49.0,"valid_shots_normalized":0.4152542372881356,"win_rate":1.0},"8802":{"auc_discovery":0.8100697906281157,"first_hit_shot":5.0,"first_sunk_shot":9.0,"hit_rate":0.3953488372093023,"invalid_attempts":0.0,"shots_excess":26.0,"truncation_rate":0.0,"valid_shots":43.0,"valid_shots_normalized":0.3644067796610169,"win_rate":1.0}},"seed_count":2}
