{"aggregate":{"auc_discovery":{"mean":0.7861764705882353,"median":0.7861764705882353,"std":0.012894300127519366},"first_hit_shot":{"mean":2.0,"median":2.0,"std":0.0},"first_sunk_shot":{"mean":5.5,"median":5.5,"std":0.7071067811865476},"hit_rate":{"mean":0.37238095238095237,"median":0.37238095238095237,"std":0.045793582019700206},"invalid_attempts":{"mean":0.0,"median":0.0,"std":0.0},"shots_excess":{"mean":29.0,"median":29.0,"std":5.656854249492381},"truncation_rate":{"mean":0.0,"median":0.0,"std":0.0},"valid_shots":{"mean":46.0,"median":46.0,"std":5.656854249492381},"valid_shots_normalized":{"mean":0.45999999999999996,"median":0.45999999999999996,"std":0.05656854249492381},"win_rate":{"mean":1.0,"median":1.0,"std":0.0}},"episode_count":2,"per_seed":{"8801":{"auc_discovery":0.7770588235294118,"first_hit_shot":2.0,"first_sunk_shot":6.0,"hit_rate":0.34,"invalid_attempts":0.0,"shots_excess":33.0,"truncation_rate":0.0,"valid_shots":50.0,"valid_shots_normalized":0.5,"win_rate":1.0},"8802":{"auc_discovery":0.7952941176470588,"first_hit_shot":2.0,"first_sunk_shot":5.0,"hit_rate":0.40476190476190477,"invalid_attempts":0.0,"shots_excess":25.0,"truncation_rate":0.0,"valid_shots":42.0,"valid_shots_normalized":0.42,"win_rate":1.0}},"seed_count":2}
